{
    "parseDate": "2020-02-01",
    "pieData": [
        [
            "Bitcoin",
            65.9258527282
        ],
        [
            "Ethereum",
            7.7349699213
        ],
        [
            "Ripple",
            4.06064699976
        ],
        [
            "Bitcoin-Cash",
            2.65339227058
        ],
        [
            "Litecoin",
            1.71887165552
        ],
        [
            "Others",
            1.7047939681790107
        ]
    ],
    "lineChartData": [
        {
            "x": "Mar",
            "name": "2019.03",
            "capitalization": 144223897561.0,
            "dominance": 50.1406
        },
        {
            "x": "Apr",
            "name": "2019.04",
            "capitalization": 172596135246.0,
            "dominance": 54.5584
        },
        {
            "x": "May",
            "name": "2019.05",
            "capitalization": 267071872196.0,
            "dominance": 55.9680226736
        },
        {
            "x": "Jun",
            "name": "2019.06",
            "capitalization": 325408311322.0,
            "dominance": 61.6847463505
        },
        {
            "x": "Jul",
            "name": "2019.07",
            "capitalization": 275080685555.0,
            "dominance": 64.9823818303
        },
        {
            "x": "Aug",
            "name": "2019.08",
            "capitalization": 248650471995.0,
            "dominance": 69.2817907947
        },
        {
            "x": "Sep",
            "name": "2019.09",
            "capitalization": 220842628838.0,
            "dominance": 67.4953788859
        },
        {
            "x": "Oct",
            "name": "2019.10",
            "capitalization": 246785243447.0,
            "dominance": 67.5474911237
        },
        {
            "x": "Nov",
            "name": "2019.11",
            "capitalization": 204417935681.0,
            "dominance": 66.6631464169
        },
        {
            "x": "Dec",
            "name": "2019.12",
            "capitalization": 191835671990.0,
            "dominance": 68.3810209642
        },
        {
            "x": "Jan",
            "name": "2020.01",
            "capitalization": 255619006188.0,
            "dominance": 66.1352952267
        },
        {
            "x": "Feb",
            "name": "2020.02",
            "capitalization": 255718540354.0,
            "dominance": 65.9258527282
        }
    ]
}
